Model,MAE,SMAPE (%),RMSE
SVR,0.045104868581533626,3.811538536568975,0.05957348134347388
XGBoost,0.038979076777726884,3.3857763878058496,0.052873817813842074
