MAE,SMAPE (%),RMSE
0.07797812952361266,6.277568766383934,0.09303294414934789
